id,cellLine,passaged_from_id1,passage_id,passage,adjPass,date,num_date,correctedCount,label_value,sublabel_value,oxygen_pct,g,intercept
SUM-159_NLS_2N_C_A1_seed,SUM-159,SUM-159_NLS_2N_dp_seedT1,SUM-159_NLS_2N_C_A1_seed,6, 1,2024-11-15,0,614919,2N,control,20.5,0.846064496523974,614918.999999999
SUM-159_NLS_2N_C_A1_seedT1,SUM-159,SUM-159_NLS_2N_C_A1_seed,SUM-159_NLS_2N_C_A1_seed,6, 1,2024-11-18,3,7782898,2N,control,20.5,0.846064496523974,614918.999999999
SUM-159_NLS_2N_C_A10_seed,SUM-159,SUM-159_NLS_2N_C_A9_seedT1,SUM-159_NLS_2N_C_A10_seed,15,10,2024-12-20,0,797221,2N,control,20.5,0.848424239199109,797221.000000003
SUM-159_NLS_2N_C_A10_seedT1,SUM-159,SUM-159_NLS_2N_C_A10_seed,SUM-159_NLS_2N_C_A10_seed,15,10,2024-12-23,3,10161940,2N,control,20.5,0.848424239199109,797221.000000003
SUM-159_NLS_2N_C_A11_seed,SUM-159,SUM-159_NLS_2N_C_A10_seedT1,SUM-159_NLS_2N_C_A11_seed,16,11,2024-12-25,0,372317,2N,control,20.5,1.18935439142098,372317
SUM-159_NLS_2N_C_A11_seedT1,SUM-159,SUM-159_NLS_2N_C_A11_seed,SUM-159_NLS_2N_C_A11_seed,16,11,2024-12-27,2,4017658,2N,control,20.5,1.18935439142098,372317
SUM-159_NLS_2N_C_A12_seed,SUM-159,SUM-159_NLS_2N_C_A11_seedT1,SUM-159_NLS_2N_C_A12_seed,17,12,2024-12-27,0,441031,2N,control,20.5,0.899202900591717,441030.999999998
SUM-159_NLS_2N_C_A12_seedT1,SUM-159,SUM-159_NLS_2N_C_A12_seed,SUM-159_NLS_2N_C_A12_seed,17,12,2024-12-30,3,6546749,2N,control,20.5,0.899202900591717,441030.999999998
SUM-159_NLS_2N_C_A2_seed,SUM-159,SUM-159_NLS_2N_C_A1_seedT1,SUM-159_NLS_2N_C_A2_seed,7, 2,2024-11-20,0,401065,2N,control,20.5,1.15111723245741,401064.999999999
SUM-159_NLS_2N_C_A2_seedT1,SUM-159,SUM-159_NLS_2N_C_A2_seed,SUM-159_NLS_2N_C_A2_seed,7, 2,2024-11-22,2,4009244,2N,control,20.5,1.15111723245741,401064.999999999
SUM-159_NLS_2N_C_A3_seed,SUM-159,SUM-159_NLS_2N_C_A2_seedT1,SUM-159_NLS_2N_C_A3_seed,8, 3,2024-11-26,0,749542,2N,control,20.5,2.10415719246389,749541.999999994
SUM-159_NLS_2N_C_A3_seedT1,SUM-159,SUM-159_NLS_2N_C_A3_seed,SUM-159_NLS_2N_C_A3_seed,8, 3,2024-11-27,1,6146386,2N,control,20.5,2.10415719246389,749541.999999994
SUM-159_NLS_2N_C_A4_seed,SUM-159,SUM-159_NLS_2N_C_A3_seedT1,SUM-159_NLS_2N_C_A4_seed,9, 4,2024-11-29,0,398961,2N,control,20.5,0.897051358818264,398960.999999997
SUM-159_NLS_2N_C_A4_seedT1,SUM-159,SUM-159_NLS_2N_C_A4_seed,SUM-159_NLS_2N_C_A4_seed,9, 4,2024-12-02,3,5884151,2N,control,20.5,0.897051358818264,398960.999999997
SUM-159_NLS_2N_C_A5_seed,SUM-159,SUM-159_NLS_2N_C_A4_seedT1,SUM-159_NLS_2N_C_A5_seed,10, 5,2024-12-04,0,807037,2N,control,20.5,1.10250699346418,807037
SUM-159_NLS_2N_C_A5_seedT1,SUM-159,SUM-159_NLS_2N_C_A5_seed,SUM-159_NLS_2N_C_A5_seed,10, 5,2024-12-06,2,7320131,2N,control,20.5,1.10250699346418,807037
SUM-159_NLS_2N_C_A6_seed,SUM-159,SUM-159_NLS_2N_C_A5_seedT1,SUM-159_NLS_2N_C_A6_seed,11, 6,2024-12-06,0,352684,2N,control,20.5,0.848861531900473,352684
SUM-159_NLS_2N_C_A6_seedT1,SUM-159,SUM-159_NLS_2N_C_A6_seed,SUM-159_NLS_2N_C_A6_seed,11, 6,2024-12-09,3,4501460,2N,control,20.5,0.848861531900473,352684
SUM-159_NLS_2N_C_A7_seed,SUM-159,SUM-159_NLS_2N_C_A6_seedT1,SUM-159_NLS_2N_C_A7_seed,12, 7,2024-12-11,0,692047,2N,control,20.5,1.08439643328122,692046.999999995
SUM-159_NLS_2N_C_A7_seedT1,SUM-159,SUM-159_NLS_2N_C_A7_seed,SUM-159_NLS_2N_C_A7_seed,12, 7,2024-12-13,2,6053832,2N,control,20.5,1.08439643328122,692046.999999995
SUM-159_NLS_2N_C_A8_seed,SUM-159,SUM-159_NLS_2N_C_A7_seedT1,SUM-159_NLS_2N_C_A8_seed,13, 8,2024-12-13,0,1127468,2N,control,20.5,0.755024900819988,1127467.99999999
SUM-159_NLS_2N_C_A8_seedT1,SUM-159,SUM-159_NLS_2N_C_A8_seed,SUM-159_NLS_2N_C_A8_seed,13, 8,2024-12-16,3,10859596,2N,control,20.5,0.755024900819988,1127467.99999999
SUM-159_NLS_2N_C_A9_seed,SUM-159,SUM-159_NLS_2N_C_A8_seedT1,SUM-159_NLS_2N_C_A9_seed,14, 9,2024-12-18,0,839992,2N,control,20.5,1.06599048425925,839991.999999997
SUM-159_NLS_2N_C_A9_seedT1,SUM-159,SUM-159_NLS_2N_C_A9_seed,SUM-159_NLS_2N_C_A9_seed,14, 9,2024-12-20,2,7082437,2N,control,20.5,1.06599048425925,839991.999999997
SUM-159_NLS_2N_O1_A1_seedT1,SUM-159,SUM-159_NLS_2N_O1_A1_seed,SUM-159_NLS_2N_O1_A1_seed,9, 1,2024-11-18,3,6742373,2N,"starvation
line 1",2,0.725954184515256,763798.999999998
SUM-159_NLS_2N_O1_A1_seed,SUM-159,SUM-159_NLS_2N_dp_seedT1,SUM-159_NLS_2N_O1_A1_seed,9, 1,2024-11-15,0,763799,2N,"starvation
line 1",2,0.725954184515256,763798.999999998
SUM-159_NLS_2N_O1_A10_seed,SUM-159,SUM-159_NLS_2N_O1_A9_seedT3,SUM-159_NLS_2N_O1_A10_seed,18,10,2025-05-23,0,745247,2N,"starvation
line 1",0,0.50185981787835,837703.301386358
SUM-159_NLS_2N_O1_A10_seedT1,SUM-159,SUM-159_NLS_2N_O1_A10_seed,SUM-159_NLS_2N_O1_A10_seed,18,10,2025-05-26,3,5057432,2N,"starvation
line 1",0,0.50185981787835,837703.301386358
SUM-159_NLS_2N_O1_A10_seedT2,SUM-159,SUM-159_NLS_2N_O1_A10_seed,SUM-159_NLS_2N_O1_A10_seed,18,10,2025-05-28,5,8643308,2N,"starvation
line 1",0,0.50185981787835,837703.301386358
SUM-159_NLS_2N_O1_A11_seed,SUM-159,SUM-159_NLS_2N_O1_A10_seedT2,SUM-159_NLS_2N_O1_A11_seed,19,11,2025-05-30,0,491262,2N,"starvation
line 1",0,0.502224726321462,531681.588479855
SUM-159_NLS_2N_O1_A11_seedT1,SUM-159,SUM-159_NLS_2N_O1_A11_seed,SUM-159_NLS_2N_O1_A11_seed,19,11,2025-06-02,3,2923062,2N,"starvation
line 1",0,0.502224726321462,531681.588479855
SUM-159_NLS_2N_O1_A11_seedT2,SUM-159,SUM-159_NLS_2N_O1_A11_seed,SUM-159_NLS_2N_O1_A11_seed,19,11,2025-06-04,5,5817161,2N,"starvation
line 1",0,0.502224726321462,531681.588479855
SUM-159_NLS_2N_O1_A12_seed,SUM-159,SUM-159_NLS_2N_O1_A11_seedT2,SUM-159_NLS_2N_O1_A12_seed,20,12,2025-06-06,0,414398,2N,"starvation
line 1",0,0.432618047777567,471237.500251256
SUM-159_NLS_2N_O1_A12_seedT1,SUM-159,SUM-159_NLS_2N_O1_A12_seed,SUM-159_NLS_2N_O1_A12_seed,20,12,2025-06-09,3,2025201,2N,"starvation
line 1",0,0.432618047777567,471237.500251256
SUM-159_NLS_2N_O1_A12_seedT2,SUM-159,SUM-159_NLS_2N_O1_A12_seed,SUM-159_NLS_2N_O1_A12_seed,20,12,2025-06-11,5,4665314,2N,"starvation
line 1",0,0.432618047777567,471237.500251256
SUM-159_NLS_2N_O1_A12_seedT3,SUM-159,SUM-159_NLS_2N_O1_A12_seed,SUM-159_NLS_2N_O1_A12_seed,20,12,2025-06-13,7,8287951,2N,"starvation
line 1",0,0.432618047777567,471237.500251256
SUM-159_NLS_2N_O1_A13_seed,SUM-159,SUM-159_NLS_2N_O1_A12_seedT3,SUM-159_NLS_2N_O1_A13_seed,21,13,2025-06-14,0,639420,2N,"starvation
line 1",0,0.42734132525493,573738.478666897
SUM-159_NLS_2N_O1_A13_seedT1,SUM-159,SUM-159_NLS_2N_O1_A13_seed,SUM-159_NLS_2N_O1_A13_seed,21,13,2025-06-16,2,1146277,2N,"starvation
line 1",0,0.42734132525493,573738.478666897
SUM-159_NLS_2N_O1_A13_seedT3,SUM-159,SUM-159_NLS_2N_O1_A13_seed,SUM-159_NLS_2N_O1_A13_seed,21,13,2025-06-20,6,7866870,2N,"starvation
line 1",0,0.42734132525493,573738.478666897
SUM-159_NLS_2N_O1_A14_seed,SUM-159,SUM-159_NLS_2N_O1_A13_seedT3,SUM-159_NLS_2N_O1_A14_seed,22,14,2025-06-25,0,485692,2N,"starvation
line 1",0,0.359204449551509,432597.637303359
SUM-159_NLS_2N_O1_A14_seedT1,SUM-159,SUM-159_NLS_2N_O1_A14_seed,SUM-159_NLS_2N_O1_A14_seed,22,14,2025-06-27,2,773839,2N,"starvation
line 1",0,0.359204449551509,432597.637303359
SUM-159_NLS_2N_O1_A14_seedT2,SUM-159,SUM-159_NLS_2N_O1_A14_seed,SUM-159_NLS_2N_O1_A14_seed,22,14,2025-06-30,5,2447396,2N,"starvation
line 1",0,0.359204449551509,432597.637303359
SUM-159_NLS_2N_O1_A14_seedT3,SUM-159,SUM-159_NLS_2N_O1_A14_seed,SUM-159_NLS_2N_O1_A14_seed,22,14,2025-07-02,7,5816047,2N,"starvation
line 1",0,0.359204449551509,432597.637303359
SUM-159_NLS_2N_O1_A15_seed,SUM-159,SUM-159_NLS_2N_O1_A14_seedT3,SUM-159_NLS_2N_O1_A15_seed,23,15,2025-07-05,0,722968,2N,"starvation
line 1",0,0.47893581972953,752205.147027661
SUM-159_NLS_2N_O1_A15_seedT1,SUM-159,SUM-159_NLS_2N_O1_A15_seed,SUM-159_NLS_2N_O1_A15_seed,23,15,2025-07-07,2,2122116,2N,"starvation
line 1",0,0.47893581972953,752205.147027661
SUM-159_NLS_2N_O1_A15_seedT2,SUM-159,SUM-159_NLS_2N_O1_A15_seed,SUM-159_NLS_2N_O1_A15_seed,23,15,2025-07-09,4,4910388,2N,"starvation
line 1",0,0.47893581972953,752205.147027661
SUM-159_NLS_2N_O1_A16_seed,SUM-159,SUM-159_NLS_2N_O1_A15_seedT2,SUM-159_NLS_2N_O1_A16_seed,24,16,2025-07-26,0,451159,2N,"starvation
line 1",0,0.313471183522771,660991.773183453
SUM-159_NLS_2N_O1_A16_seedT1,SUM-159,SUM-159_NLS_2N_O1_A16_seed,SUM-159_NLS_2N_O1_A16_seed,24,16,2025-07-28,2,1763418,2N,"starvation
line 1",0,0.313471183522771,660991.773183453
SUM-159_NLS_2N_O1_A16_seedT2,SUM-159,SUM-159_NLS_2N_O1_A16_seed,SUM-159_NLS_2N_O1_A16_seed,24,16,2025-07-30,4,2259135,2N,"starvation
line 1",0,0.313471183522771,660991.773183453
SUM-159_NLS_2N_O1_A16_seedT3,SUM-159,SUM-159_NLS_2N_O1_A16_seed,SUM-159_NLS_2N_O1_A16_seed,24,16,2025-08-01,6,6217077,2N,"starvation
line 1",0,0.313471183522771,660991.773183453
SUM-159_NLS_2N_O1_A16_seedT4,SUM-159,SUM-159_NLS_2N_O1_A16_seed,SUM-159_NLS_2N_O1_A16_seed,24,16,2025-08-04,9,8159844,2N,"starvation
line 1",0,0.313471183522771,660991.773183453
SUM-159_NLS_2N_O1_A17_seed,SUM-159,SUM-159_NLS_2N_O1_A16_seedT4,SUM-159_NLS_2N_O1_A17_seed,25,17,2025-08-06,0,394346,2N,"starvation
line 1",0,0.437413363577022,380297.082486914
SUM-159_NLS_2N_O1_A17_seedT1,SUM-159,SUM-159_NLS_2N_O1_A17_seed,SUM-159_NLS_2N_O1_A17_seed,25,17,2025-08-08,2,831023,2N,"starvation
line 1",0,0.437413363577022,380297.082486914
SUM-159_NLS_2N_O1_A17_seedT2,SUM-159,SUM-159_NLS_2N_O1_A17_seed,SUM-159_NLS_2N_O1_A17_seed,25,17,2025-08-11,5,3766339,2N,"starvation
line 1",0,0.437413363577022,380297.082486914
SUM-159_NLS_2N_O1_A17_seedT3,SUM-159,SUM-159_NLS_2N_O1_A17_seed,SUM-159_NLS_2N_O1_A17_seed,25,17,2025-08-13,7,7737649,2N,"starvation
line 1",0,0.437413363577022,380297.082486914
SUM-159_NLS_2N_O1_A18_seed,SUM-159,SUM-159_NLS_2N_O1_A17_seedT3,SUM-159_NLS_2N_O1_A18_seed,26,18,2025-08-15,0,578151,2N,"starvation
line 1",0,0.571675739310715,571291.706775282
SUM-159_NLS_2N_O1_A18_seedT1,SUM-159,SUM-159_NLS_2N_O1_A18_seed,SUM-159_NLS_2N_O1_A18_seed,26,18,2025-08-18,3,3081246,2N,"starvation
line 1",0,0.571675739310715,571291.706775282
SUM-159_NLS_2N_O1_A18_seedT2,SUM-159,SUM-159_NLS_2N_O1_A18_seed,SUM-159_NLS_2N_O1_A18_seed,26,18,2025-08-20,5,10139372,2N,"starvation
line 1",0,0.571675739310715,571291.706775282
SUM-159_NLS_2N_O1_A19_seed,SUM-159,SUM-159_NLS_2N_O1_A18_seedT2,SUM-159_NLS_2N_O1_A19_seed,27,19,2025-08-22,0,1129568,2N,"starvation
line 1",0,0.514139394650451,1265443.84185626
SUM-159_NLS_2N_O1_A19_seedT1,SUM-159,SUM-159_NLS_2N_O1_A19_seed,SUM-159_NLS_2N_O1_A19_seed,27,19,2025-08-25,3,7860186,2N,"starvation
line 1",0,0.514139394650451,1265443.84185626
SUM-159_NLS_2N_O1_A19_seedT2,SUM-159,SUM-159_NLS_2N_O1_A19_seed,SUM-159_NLS_2N_O1_A19_seed,27,19,2025-08-27,5,13953612,2N,"starvation
line 1",0,0.514139394650451,1265443.84185626
SUM-159_NLS_2N_O1_A2_seedT1,SUM-159,SUM-159_NLS_2N_O1_A2_seed,SUM-159_NLS_2N_O1_A2_seed,10, 2,2024-11-22,2,832980,2N,"starvation
line 1",1,0.559363522840898,348668.444240021
SUM-159_NLS_2N_O1_A2_seed,SUM-159,SUM-159_NLS_2N_O1_A1_seedT1,SUM-159_NLS_2N_O1_A2_seed,10, 2,2024-11-20,0,404570,2N,"starvation
line 1",1,0.559363522840898,348668.444240021
SUM-159_NLS_2N_O1_A2_seedT2,SUM-159,SUM-159_NLS_2N_O1_A2_seed,SUM-159_NLS_2N_O1_A2_seed,10, 2,2024-11-25,5,6311159,2N,"starvation
line 1",1,0.559363522840898,348668.444240021
SUM-159_NLS_2N_O1_A20_seed,SUM-159,SUM-159_NLS_2N_O1_A19_seedT2,SUM-159_NLS_2N_O1_A20_seed,28,20,2025-08-29,0,588177,2N,"starvation
line 1",0,0.426979996229704,502819.188598892
SUM-159_NLS_2N_O1_A20_seedT1,SUM-159,SUM-159_NLS_2N_O1_A20_seed,SUM-159_NLS_2N_O1_A20_seed,28,20,2025-09-01,3,1223141,2N,"starvation
line 1",0,0.426979996229704,502819.188598892
SUM-159_NLS_2N_O1_A20_seedT2,SUM-159,SUM-159_NLS_2N_O1_A20_seed,SUM-159_NLS_2N_O1_A20_seed,28,20,2025-09-03,5,5379370,2N,"starvation
line 1",0,0.426979996229704,502819.188598892
SUM-159_NLS_2N_O1_A21_seed,SUM-159,SUM-159_NLS_2N_O1_A20_seedT2,SUM-159_NLS_2N_O1_A21_seed,29,21,2025-09-05,0,585949,2N,"starvation
line 1",0,0.474305889804198,534578.258329951
SUM-159_NLS_2N_O1_A21_seedT1,SUM-159,SUM-159_NLS_2N_O1_A21_seed,SUM-159_NLS_2N_O1_A21_seed,29,21,2025-09-08,3,1763418,2N,"starvation
line 1",0,0.474305889804198,534578.258329951
SUM-159_NLS_2N_O1_A21_seedT2,SUM-159,SUM-159_NLS_2N_O1_A21_seed,SUM-159_NLS_2N_O1_A21_seed,29,21,2025-09-10,5,6572434,2N,"starvation
line 1",0,0.474305889804198,534578.258329951
SUM-159_NLS_2N_O1_A22_seed,SUM-159,SUM-159_NLS_2N_O1_A21_seedT2,SUM-159_NLS_2N_O1_A22_seed,30,22,2025-09-19,0,502401,2N,"starvation
line 1",0,0.706725131849525,502401
SUM-159_NLS_2N_O1_A22_seedT1,SUM-159,SUM-159_NLS_2N_O1_A22_seed,SUM-159_NLS_2N_O1_A22_seed,30,22,2025-09-22,3,4186306,2N,"starvation
line 1",0,0.706725131849525,502401
SUM-159_NLS_2N_O1_A3_seedT2,SUM-159,SUM-159_NLS_2N_O1_A3_seed,SUM-159_NLS_2N_O1_A3_seed,11, 3,2024-12-02,5,7094357,2N,"starvation
line 1",0.5,0.564954728131391,474956.280252528
SUM-159_NLS_2N_O1_A3_seedT1,SUM-159,SUM-159_NLS_2N_O1_A3_seed,SUM-159_NLS_2N_O1_A3_seed,11, 3,2024-11-29,2,1989196,2N,"starvation
line 1",0.5,0.564954728131391,474956.280252528
SUM-159_NLS_2N_O1_A3_seed,SUM-159,SUM-159_NLS_2N_O1_A2_seedT2,SUM-159_NLS_2N_O1_A3_seed,11, 3,2024-11-27,0,396157,2N,"starvation
line 1",0.5,0.564954728131391,474956.280252528
SUM-159_NLS_2N_O1_A4_seedT1,SUM-159,SUM-159_NLS_2N_O1_A4_seed,SUM-159_NLS_2N_O1_A4_seed,12, 4,2024-12-06,2,2552931,2N,"starvation
line 1",0.3,0.496979906893512,671364.480347789
SUM-159_NLS_2N_O1_A4_seedT2,SUM-159,SUM-159_NLS_2N_O1_A4_seed,SUM-159_NLS_2N_O1_A4_seed,12, 4,2024-12-09,5,7027045,2N,"starvation
line 1",0.3,0.496979906893512,671364.480347789
SUM-159_NLS_2N_O1_A4_seed,SUM-159,SUM-159_NLS_2N_O1_A3_seedT2,SUM-159_NLS_2N_O1_A4_seed,12, 4,2024-12-04,0,546906,2N,"starvation
line 1",0.3,0.496979906893512,671364.480347789
SUM-159_NLS_2N_O1_A5_seedT2,SUM-159,SUM-159_NLS_2N_O1_A5_seed,SUM-159_NLS_2N_O1_A5_seed,13, 5,2024-12-16,5,11809671,2N,"starvation
line 1",0.2,0.541080883402785,914507.332550787
SUM-159_NLS_2N_O1_A5_seedT1,SUM-159,SUM-159_NLS_2N_O1_A5_seed,SUM-159_NLS_2N_O1_A5_seed,13, 5,2024-12-13,2,3898460,2N,"starvation
line 1",0.2,0.541080883402785,914507.332550787
SUM-159_NLS_2N_O1_A5_seed,SUM-159,SUM-159_NLS_2N_O1_A4_seedT2,SUM-159_NLS_2N_O1_A5_seed,13, 5,2024-12-11,0,733415,2N,"starvation
line 1",0.2,0.541080883402785,914507.332550787
SUM-159_NLS_2N_O1_A6_seedT1,SUM-159,SUM-159_NLS_2N_O1_A6_seed,SUM-159_NLS_2N_O1_A6_seed,14, 6,2024-12-20,2,2397273,2N,"starvation
line 1",0.1,0.550021801500846,581539.829874101
SUM-159_NLS_2N_O1_A6_seedT2,SUM-159,SUM-159_NLS_2N_O1_A6_seed,SUM-159_NLS_2N_O1_A6_seed,14, 6,2024-12-23,5,8016385,2N,"starvation
line 1",0.1,0.550021801500846,581539.829874101
SUM-159_NLS_2N_O1_A6_seed,SUM-159,SUM-159_NLS_2N_O1_A5_seedT2,SUM-159_NLS_2N_O1_A6_seed,14, 6,2024-12-18,0,480997,2N,"starvation
line 1",0.1,0.550021801500846,581539.829874101
SUM-159_NLS_2N_O1_A7_seed,SUM-159,SUM-159_NLS_2N_O1_A6_seedT2,SUM-159_NLS_2N_O1_A7_seed,15, 7,2024-12-25,0,365305,2N,"starvation
line 1",0,0.563777709266853,516897.899092544
SUM-159_NLS_2N_O1_A7_seedT1,SUM-159,SUM-159_NLS_2N_O1_A7_seed,SUM-159_NLS_2N_O1_A7_seed,15, 7,2024-12-27,2,2846718,2N,"starvation
line 1",0,0.563777709266853,516897.899092544
SUM-159_NLS_2N_O1_A7_seedT2,SUM-159,SUM-159_NLS_2N_O1_A7_seed,SUM-159_NLS_2N_O1_A7_seed,15, 7,2024-12-30,5,6872790,2N,"starvation
line 1",0,0.563777709266853,516897.899092544
SUM-159_NLS_2N_O1_A8_seed,SUM-159,SUM-159_NLS_2N_O1_A7_seedT2,SUM-159_NLS_2N_O1_A8_seed,16, 8,2025-05-08,0,273453,2N,"starvation
line 1",0,0.664335909437413,313259.097016976
SUM-159_NLS_2N_O1_A8_seedT1,SUM-159,SUM-159_NLS_2N_O1_A8_seed,SUM-159_NLS_2N_O1_A8_seed,16, 8,2025-05-09,1,729652,2N,"starvation
line 1",0,0.664335909437413,313259.097016976
SUM-159_NLS_2N_O1_A8_seedT2,SUM-159,SUM-159_NLS_2N_O1_A8_seed,SUM-159_NLS_2N_O1_A8_seed,16, 8,2025-05-12,4,4268740,2N,"starvation
line 1",0,0.664335909437413,313259.097016976
SUM-159_NLS_2N_O1_A9_seed,SUM-159,SUM-159_NLS_2N_O1_A8_seedT2,SUM-159_NLS_2N_O1_A9_seed,17, 9,2025-05-14,0,433335,2N,"starvation
line 1",0,0.435214147229313,459974.997959824
SUM-159_NLS_2N_O1_A9_seedT1,SUM-159,SUM-159_NLS_2N_O1_A9_seed,SUM-159_NLS_2N_O1_A9_seed,17, 9,2025-05-16,2,1072755,2N,"starvation
line 1",0,0.435214147229313,459974.997959824
SUM-159_NLS_2N_O1_A9_seedT2,SUM-159,SUM-159_NLS_2N_O1_A9_seed,SUM-159_NLS_2N_O1_A9_seed,17, 9,2025-05-19,5,5298050,2N,"starvation
line 1",0,0.435214147229313,459974.997959824
SUM-159_NLS_2N_O1_A9_seedT3,SUM-159,SUM-159_NLS_2N_O1_A9_seed,SUM-159_NLS_2N_O1_A9_seed,17, 9,2025-05-21,7,8047333,2N,"starvation
line 1",0,0.435214147229313,459974.997959824
SUM-159_NLS_2N_O2_A1_seedT1,SUM-159,SUM-159_NLS_2N_O2_A1_seed,SUM-159_NLS_2N_O2_A1_seed,6, 1,2024-11-18,3,6323079,2N,"starvation
line 2",2,0.795988317378727,580562
SUM-159_NLS_2N_O2_A1_seed,SUM-159,SUM-159_NLS_2N_dp_seedT1,SUM-159_NLS_2N_O2_A1_seed,6, 1,2024-11-15,0,580562,2N,"starvation
line 2",2,0.795988317378727,580562
SUM-159_NLS_2N_O2_A10_seed,SUM-159,SUM-159_NLS_2N_O2_A9_seedT3,SUM-159_NLS_2N_O2_A10_seed,15,10,2025-05-23,0,675067,2N,"starvation
line 2",0,0.459209606978143,708921.901260056
SUM-159_NLS_2N_O2_A10_seedT1,SUM-159,SUM-159_NLS_2N_O2_A10_seed,SUM-159_NLS_2N_O2_A10_seed,15,10,2025-05-26,3,3177048,2N,"starvation
line 2",0,0.459209606978143,708921.901260056
SUM-159_NLS_2N_O2_A10_seedT2,SUM-159,SUM-159_NLS_2N_O2_A10_seed,SUM-159_NLS_2N_O2_A10_seed,15,10,2025-05-28,5,6544585,2N,"starvation
line 2",0,0.459209606978143,708921.901260056
SUM-159_NLS_2N_O2_A11_seed,SUM-159,SUM-159_NLS_2N_O2_A10_seedT2,SUM-159_NLS_2N_O2_A11_seed,16,11,2025-05-30,0,520225,2N,"starvation
line 2",0,0.477939108571687,518402.353231474
SUM-159_NLS_2N_O2_A11_seedT1,SUM-159,SUM-159_NLS_2N_O2_A11_seed,SUM-159_NLS_2N_O2_A11_seed,16,11,2025-06-02,3,2155536,2N,"starvation
line 2",0,0.477939108571687,518402.353231474
SUM-159_NLS_2N_O2_A11_seedT2,SUM-159,SUM-159_NLS_2N_O2_A11_seed,SUM-159_NLS_2N_O2_A11_seed,16,11,2025-06-04,5,5685713,2N,"starvation
line 2",0,0.477939108571687,518402.353231474
SUM-159_NLS_2N_O2_A12_seed,SUM-159,SUM-159_NLS_2N_O2_A11_seedT2,SUM-159_NLS_2N_O2_A12_seed,17,12,2025-06-06,0,364269,2N,"starvation
line 2",0,0.43743905615452,363340.203293676
SUM-159_NLS_2N_O2_A12_seedT1,SUM-159,SUM-159_NLS_2N_O2_A12_seed,SUM-159_NLS_2N_O2_A12_seed,17,12,2025-06-09,3,1252104,2N,"starvation
line 2",0,0.43743905615452,363340.203293676
SUM-159_NLS_2N_O2_A12_seedT2,SUM-159,SUM-159_NLS_2N_O2_A12_seed,SUM-159_NLS_2N_O2_A12_seed,17,12,2025-06-11,5,3728464,2N,"starvation
line 2",0,0.43743905615452,363340.203293676
SUM-159_NLS_2N_O2_A12_seedT3,SUM-159,SUM-159_NLS_2N_O2_A12_seed,SUM-159_NLS_2N_O2_A12_seed,17,12,2025-06-13,7,7249729,2N,"starvation
line 2",0,0.43743905615452,363340.203293676
SUM-159_NLS_2N_O2_A13_seed,SUM-159,SUM-159_NLS_2N_O2_A12_seedT3,SUM-159_NLS_2N_O2_A13_seed,18,13,2025-06-14,0,563670,2N,"starvation
line 2",0,0.455260826116619,537349.146544022
SUM-159_NLS_2N_O2_A13_seedT1,SUM-159,SUM-159_NLS_2N_O2_A13_seed,SUM-159_NLS_2N_O2_A13_seed,18,13,2025-06-16,2,1243193,2N,"starvation
line 2",0,0.455260826116619,537349.146544022
SUM-159_NLS_2N_O2_A13_seedT3,SUM-159,SUM-159_NLS_2N_O2_A13_seed,SUM-159_NLS_2N_O2_A13_seed,18,13,2025-06-20,6,8451705,2N,"starvation
line 2",0,0.455260826116619,537349.146544022
SUM-159_NLS_2N_O2_A14_seed,SUM-159,SUM-159_NLS_2N_O2_A13_seedT3,SUM-159_NLS_2N_O2_A14_seed,19,14,2025-06-25,0,455615,2N,"starvation
line 2",0,0.398345550086726,428209.118544219
SUM-159_NLS_2N_O2_A14_seedT1,SUM-159,SUM-159_NLS_2N_O2_A14_seed,SUM-159_NLS_2N_O2_A14_seed,19,14,2025-06-27,2,796490,2N,"starvation
line 2",0,0.398345550086726,428209.118544219
SUM-159_NLS_2N_O2_A14_seedT2,SUM-159,SUM-159_NLS_2N_O2_A14_seed,SUM-159_NLS_2N_O2_A14_seed,19,14,2025-06-30,5,3922295,2N,"starvation
line 2",0,0.398345550086726,428209.118544219
SUM-159_NLS_2N_O2_A14_seedT3,SUM-159,SUM-159_NLS_2N_O2_A14_seed,SUM-159_NLS_2N_O2_A14_seed,19,14,2025-07-02,7,6241585,2N,"starvation
line 2",0,0.398345550086726,428209.118544219
SUM-159_NLS_2N_O2_A15_seed,SUM-159,SUM-159_NLS_2N_O2_A14_seedT3,SUM-159_NLS_2N_O2_A15_seed,20,15,2025-07-05,0,915685,2N,"starvation
line 2",0,0.47844219096022,959463.15585047
SUM-159_NLS_2N_O2_A15_seedT1,SUM-159,SUM-159_NLS_2N_O2_A15_seed,SUM-159_NLS_2N_O2_A15_seed,20,15,2025-07-07,2,2742599,2N,"starvation
line 2",0,0.47844219096022,959463.15585047
SUM-159_NLS_2N_O2_A15_seedT2,SUM-159,SUM-159_NLS_2N_O2_A15_seed,SUM-159_NLS_2N_O2_A15_seed,20,15,2025-07-09,4,6207051,2N,"starvation
line 2",0,0.47844219096022,959463.15585047
SUM-159_NLS_2N_O2_A16_seed,SUM-159,SUM-159_NLS_2N_O2_A15_seedT2,SUM-159_NLS_2N_O2_A16_seed,21,16,2025-07-26,0,467868,2N,"starvation
line 2",0,0.265837402863243,726065.900149159
SUM-159_NLS_2N_O2_A16_seedT1,SUM-159,SUM-159_NLS_2N_O2_A16_seed,SUM-159_NLS_2N_O2_A16_seed,21,16,2025-07-28,2,1684326,2N,"starvation
line 2",0,0.265837402863243,726065.900149159
SUM-159_NLS_2N_O2_A16_seedT2,SUM-159,SUM-159_NLS_2N_O2_A16_seed,SUM-159_NLS_2N_O2_A16_seed,21,16,2025-07-30,4,2368304,2N,"starvation
line 2",0,0.265837402863243,726065.900149159
SUM-159_NLS_2N_O2_A16_seedT3,SUM-159,SUM-159_NLS_2N_O2_A16_seed,SUM-159_NLS_2N_O2_A16_seed,21,16,2025-08-01,6,5323672,2N,"starvation
line 2",0,0.265837402863243,726065.900149159
SUM-159_NLS_2N_O2_A16_seedT4,SUM-159,SUM-159_NLS_2N_O2_A16_seed,SUM-159_NLS_2N_O2_A16_seed,21,16,2025-08-04,9,5397194,2N,"starvation
line 2",0,0.265837402863243,726065.900149159
SUM-159_NLS_2N_O2_A17_seed,SUM-159,SUM-159_NLS_2N_O2_A16_seedT4,SUM-159_NLS_2N_O2_A17_seed,22,17,2025-08-06,0,363155,2N,"starvation
line 2",0,0.438440022649343,385889.437864971
SUM-159_NLS_2N_O2_A17_seedT1,SUM-159,SUM-159_NLS_2N_O2_A17_seed,SUM-159_NLS_2N_O2_A17_seed,22,17,2025-08-08,2,926825,2N,"starvation
line 2",0,0.438440022649343,385889.437864971
SUM-159_NLS_2N_O2_A17_seedT2,SUM-159,SUM-159_NLS_2N_O2_A17_seed,SUM-159_NLS_2N_O2_A17_seed,22,17,2025-08-11,5,4280994,2N,"starvation
line 2",0,0.438440022649343,385889.437864971
SUM-159_NLS_2N_O2_A17_seedT3,SUM-159,SUM-159_NLS_2N_O2_A17_seed,SUM-159_NLS_2N_O2_A17_seed,22,17,2025-08-13,7,7128306,2N,"starvation
line 2",0,0.438440022649343,385889.437864971
SUM-159_NLS_2N_O2_A18_seed,SUM-159,SUM-159_NLS_2N_O2_A17_seedT3,SUM-159_NLS_2N_O2_A18_seed,23,18,2025-08-15,0,642762,2N,"starvation
line 2",0,0.547427136693007,647321.154071413
SUM-159_NLS_2N_O2_A18_seedT1,SUM-159,SUM-159_NLS_2N_O2_A18_seed,SUM-159_NLS_2N_O2_A18_seed,23,18,2025-08-18,3,3404298,2N,"starvation
line 2",0,0.547427136693007,647321.154071413
SUM-159_NLS_2N_O2_A18_seedT2,SUM-159,SUM-159_NLS_2N_O2_A18_seed,SUM-159_NLS_2N_O2_A18_seed,23,18,2025-08-20,5,9890957,2N,"starvation
line 2",0,0.547427136693007,647321.154071413
SUM-159_NLS_2N_O2_A19_seed,SUM-159,SUM-159_NLS_2N_O2_A18_seedT2,SUM-159_NLS_2N_O2_A19_seed,24,19,2025-08-22,0,1088351,2N,"starvation
line 2",0,0.470226829493655,1236250.9506636
SUM-159_NLS_2N_O2_A19_seedT1,SUM-159,SUM-159_NLS_2N_O2_A19_seed,SUM-159_NLS_2N_O2_A19_seed,24,19,2025-08-25,3,6967894,2N,"starvation
line 2",0,0.470226829493655,1236250.9506636
SUM-159_NLS_2N_O2_A19_seedT2,SUM-159,SUM-159_NLS_2N_O2_A19_seed,SUM-159_NLS_2N_O2_A19_seed,24,19,2025-08-27,5,10719752,2N,"starvation
line 2",0,0.470226829493655,1236250.9506636
SUM-159_NLS_2N_O2_A2_seedT1,SUM-159,SUM-159_NLS_2N_O2_A2_seed,SUM-159_NLS_2N_O2_A2_seed,7, 2,2024-11-22,2,653483,2N,"starvation
line 2",1,0.582583674486394,294207.299920484
SUM-159_NLS_2N_O2_A2_seedT2,SUM-159,SUM-159_NLS_2N_O2_A2_seed,SUM-159_NLS_2N_O2_A2_seed,7, 2,2024-11-25,5,6273296,2N,"starvation
line 2",1,0.582583674486394,294207.299920484
SUM-159_NLS_2N_O2_A2_seed,SUM-159,SUM-159_NLS_2N_O2_A1_seedT1,SUM-159_NLS_2N_O2_A2_seed,7, 2,2024-11-20,0,366708,2N,"starvation
line 2",1,0.582583674486394,294207.299920484
SUM-159_NLS_2N_O2_A20_seed,SUM-159,SUM-159_NLS_2N_O2_A19_seedT2,SUM-159_NLS_2N_O2_A20_seed,25,20,2025-08-29,0,568126,2N,"starvation
line 2",0,0.410942181415078,483642.457260605
SUM-159_NLS_2N_O2_A20_seedT2,SUM-159,SUM-159_NLS_2N_O2_A20_seed,SUM-159_NLS_2N_O2_A20_seed,25,20,2025-09-03,5,4805675,2N,"starvation
line 2",0,0.410942181415078,483642.457260605
SUM-159_NLS_2N_O2_A20_seedT1,SUM-159,SUM-159_NLS_2N_O2_A20_seed,SUM-159_NLS_2N_O2_A20_seed,25,20,2025-09-01,3,1109516,2N,"starvation
line 2",0,0.410942181415078,483642.457260605
SUM-159_NLS_2N_O2_A21_seedT1,SUM-159,SUM-159_NLS_2N_O2_A21_seed,SUM-159_NLS_2N_O2_A21_seed,26,21,2025-09-08,3,1388009,2N,"starvation
line 2",0,0.445568191284353,472873.433864669
SUM-159_NLS_2N_O2_A21_seedT2,SUM-159,SUM-159_NLS_2N_O2_A21_seed,SUM-159_NLS_2N_O2_A21_seed,26,21,2025-09-10,5,5128727,2N,"starvation
line 2",0,0.445568191284353,472873.433864669
SUM-159_NLS_2N_O2_A21_seed,SUM-159,SUM-159_NLS_2N_O2_A20_seedT2,SUM-159_NLS_2N_O2_A21_seed,26,21,2025-09-05,0,524681,2N,"starvation
line 2",0,0.445568191284353,472873.433864669
SUM-159_NLS_2N_O2_A22_seed,SUM-159,SUM-159_NLS_2N_O2_A21_seedT2,SUM-159_NLS_2N_O2_A22_seed,27,22,2025-09-19,0,567012,2N,"starvation
line 2",0,0.614274361025784,567011.999999998
SUM-159_NLS_2N_O2_A22_seedT1,SUM-159,SUM-159_NLS_2N_O2_A22_seed,SUM-159_NLS_2N_O2_A22_seed,27,22,2025-09-22,3,3580306,2N,"starvation
line 2",0,0.614274361025784,567011.999999998
SUM-159_NLS_2N_O2_A3_seedT2,SUM-159,SUM-159_NLS_2N_O2_A3_seed,SUM-159_NLS_2N_O2_A3_seed,8, 3,2024-12-02,5,7647573,2N,"starvation
line 2",0.5,0.576460809243453,485069.662312168
SUM-159_NLS_2N_O2_A3_seed,SUM-159,SUM-159_NLS_2N_O2_A2_seedT2,SUM-159_NLS_2N_O2_A3_seed,8, 3,2024-11-27,0,402467,2N,"starvation
line 2",0.5,0.576460809243453,485069.662312168
SUM-159_NLS_2N_O2_A3_seedT1,SUM-159,SUM-159_NLS_2N_O2_A3_seed,SUM-159_NLS_2N_O2_A3_seed,8, 3,2024-11-29,2,2097175,2N,"starvation
line 2",0.5,0.576460809243453,485069.662312168
SUM-159_NLS_2N_O2_A4_seedT1,SUM-159,SUM-159_NLS_2N_O2_A4_seed,SUM-159_NLS_2N_O2_A4_seed,9, 4,2024-12-06,2,2454067,2N,"starvation
line 2",0.3,0.510656518381785,637290.985763547
SUM-159_NLS_2N_O2_A4_seed,SUM-159,SUM-159_NLS_2N_O2_A3_seedT2,SUM-159_NLS_2N_O2_A4_seed,9, 4,2024-12-04,0,523768,2N,"starvation
line 2",0.3,0.510656518381785,637290.985763547
SUM-159_NLS_2N_O2_A4_seedT2,SUM-159,SUM-159_NLS_2N_O2_A4_seed,SUM-159_NLS_2N_O2_A4_seed,9, 4,2024-12-09,5,7184807,2N,"starvation
line 2",0.3,0.510656518381785,637290.985763547
SUM-159_NLS_2N_O2_A5_seed,SUM-159,SUM-159_NLS_2N_O2_A4_seedT2,SUM-159_NLS_2N_O2_A5_seed,10, 5,2024-12-11,0,809842,2N,"starvation
line 2",0.2,0.517179620389222,1103766.84909946
SUM-159_NLS_2N_O2_A5_seedT1,SUM-159,SUM-159_NLS_2N_O2_A5_seed,SUM-159_NLS_2N_O2_A5_seed,10, 5,2024-12-13,2,5202622,2N,"starvation
line 2",0.2,0.517179620389222,1103766.84909946
SUM-159_NLS_2N_O2_A5_seedT2,SUM-159,SUM-159_NLS_2N_O2_A5_seed,SUM-159_NLS_2N_O2_A5_seed,10, 5,2024-12-16,5,11919753,2N,"starvation
line 2",0.2,0.517179620389222,1103766.84909946
SUM-159_NLS_2N_O2_A6_seed,SUM-159,SUM-159_NLS_2N_O2_A5_seedT2,SUM-159_NLS_2N_O2_A6_seed,11, 6,2024-12-18,0,480296,2N,"starvation
line 2",0.1,0.544215937493151,578387.201240071
SUM-159_NLS_2N_O2_A6_seedT1,SUM-159,SUM-159_NLS_2N_O2_A6_seed,SUM-159_NLS_2N_O2_A6_seed,11, 6,2024-12-20,2,2341180,2N,"starvation
line 2",0.1,0.544215937493151,578387.201240071
SUM-159_NLS_2N_O2_A6_seedT2,SUM-159,SUM-159_NLS_2N_O2_A6_seed,SUM-159_NLS_2N_O2_A6_seed,11, 6,2024-12-23,5,7765369,2N,"starvation
line 2",0.1,0.544215937493151,578387.201240071
SUM-159_NLS_2N_O2_A7_seed,SUM-159,SUM-159_NLS_2N_O2_A6_seedT2,SUM-159_NLS_2N_O2_A7_seed,12, 7,2024-12-25,0,420697,2N,"starvation
line 2",0,0.547099402696607,585505.760122359
SUM-159_NLS_2N_O2_A7_seedT1,SUM-159,SUM-159_NLS_2N_O2_A7_seed,SUM-159_NLS_2N_O2_A7_seed,12, 7,2024-12-27,2,3033928,2N,"starvation
line 2",0,0.547099402696607,585505.760122359
SUM-159_NLS_2N_O2_A7_seedT2,SUM-159,SUM-159_NLS_2N_O2_A7_seed,SUM-159_NLS_2N_O2_A7_seed,12, 7,2024-12-30,5,7241601,2N,"starvation
line 2",0,0.547099402696607,585505.760122359
SUM-159_NLS_2N_O2_A8_seed,SUM-159,SUM-159_NLS_2N_O2_A7_seedT2,SUM-159_NLS_2N_O2_A8_seed,13, 8,2025-05-08,0,291683,2N,"starvation
line 2",0,0.792805650404954,321297.184918172
SUM-159_NLS_2N_O2_A8_seedT1,SUM-159,SUM-159_NLS_2N_O2_A8_seed,SUM-159_NLS_2N_O2_A8_seed,13, 8,2025-05-09,1,807630,2N,"starvation
line 2",0,0.792805650404954,321297.184918172
SUM-159_NLS_2N_O2_A8_seedT2,SUM-159,SUM-159_NLS_2N_O2_A8_seed,SUM-159_NLS_2N_O2_A8_seed,13, 8,2025-05-12,4,7415711,2N,"starvation
line 2",0,0.792805650404954,321297.184918172
SUM-159_NLS_2N_O2_A9_seedT3,SUM-159,SUM-159_NLS_2N_O2_A9_seed,SUM-159_NLS_2N_O2_A9_seed,14, 9,2025-05-21,7,5507477,2N,"starvation
line 2",0,0.399949129792322,336652.938043441
SUM-159_NLS_2N_O2_A9_seed,SUM-159,SUM-159_NLS_2N_O2_A8_seedT2,SUM-159_NLS_2N_O2_A9_seed,14, 9,2025-05-14,0,385434,2N,"starvation
line 2",0,0.399949129792322,336652.938043441
SUM-159_NLS_2N_O2_A9_seedT1,SUM-159,SUM-159_NLS_2N_O2_A9_seed,SUM-159_NLS_2N_O2_A9_seed,14, 9,2025-05-16,2,595975,2N,"starvation
line 2",0,0.399949129792322,336652.938043441
SUM-159_NLS_2N_O2_A9_seedT2,SUM-159,SUM-159_NLS_2N_O2_A9_seed,SUM-159_NLS_2N_O2_A9_seed,14, 9,2025-05-19,5,2743713,2N,"starvation
line 2",0,0.399949129792322,336652.938043441
SUM-159_NLS_4N_C_A1_seed,SUM-159,SUM-159_NLS_4N_dp_seedT1,SUM-159_NLS_4N_C_A1_seed,9, 1,2024-11-15,0,987937,4N,control,20.5,0.624316066168315,987936.999999998
SUM-159_NLS_4N_C_A1_seedT1,SUM-159,SUM-159_NLS_4N_C_A1_seed,SUM-159_NLS_4N_C_A1_seed,9, 1,2024-11-18,3,6428954,4N,control,20.5,0.624316066168315,987936.999999998
SUM-159_NLS_4N_C_A10_seed,SUM-159,SUM-159_NLS_4N_C_A9_seedT1,SUM-159_NLS_4N_C_A10_seed,18,10,2024-12-20,0,728507,4N,control,20.5,0.849459095117841,728507
SUM-159_NLS_4N_C_A10_seedT1,SUM-159,SUM-159_NLS_4N_C_A10_seed,SUM-159_NLS_4N_C_A10_seed,18,10,2024-12-23,3,9314937,4N,control,20.5,0.849459095117841,728507
SUM-159_NLS_4N_C_A11_seed,SUM-159,SUM-159_NLS_4N_C_A10_seedT1,SUM-159_NLS_4N_C_A11_seed,19,11,2024-12-25,0,512549,4N,control,20.5,1.07439993620309,512548.999999997
SUM-159_NLS_4N_C_A11_seedT1,SUM-159,SUM-159_NLS_4N_C_A11_seed,SUM-159_NLS_4N_C_A11_seed,19,11,2024-12-27,2,4394883,4N,control,20.5,1.07439993620309,512548.999999997
SUM-159_NLS_4N_C_A12_seed,SUM-159,SUM-159_NLS_4N_C_A11_seedT1,SUM-159_NLS_4N_C_A12_seed,20,12,2024-12-27,0,537090,4N,control,20.5,0.925688802648849,537090
SUM-159_NLS_4N_C_A12_seedT1,SUM-159,SUM-159_NLS_4N_C_A12_seed,SUM-159_NLS_4N_C_A12_seed,20,12,2024-12-30,3,8632005,4N,control,20.5,0.925688802648849,537090
SUM-159_NLS_4N_C_A2_seed,SUM-159,SUM-159_NLS_4N_C_A1_seedT1,SUM-159_NLS_4N_C_A2_seed,10, 2,2024-11-20,0,575654,4N,control,20.5,1.05949800003685,575654.000000001
SUM-159_NLS_4N_C_A2_seedT1,SUM-159,SUM-159_NLS_4N_C_A2_seed,SUM-159_NLS_4N_C_A2_seed,10, 2,2024-11-22,2,4791040,4N,control,20.5,1.05949800003685,575654.000000001
SUM-159_NLS_4N_C_A3_seed,SUM-159,SUM-159_NLS_4N_C_A2_seedT1,SUM-159_NLS_4N_C_A3_seed,11, 3,2024-11-26,0,427709,4N,control,20.5,1.94192052193407,427708.999999999
SUM-159_NLS_4N_C_A3_seedT1,SUM-159,SUM-159_NLS_4N_C_A3_seed,SUM-159_NLS_4N_C_A3_seed,11, 3,2024-11-27,1,2982042,4N,control,20.5,1.94192052193407,427708.999999999
SUM-159_NLS_4N_C_A4_seed,SUM-159,SUM-159_NLS_4N_C_A3_seedT1,SUM-159_NLS_4N_C_A4_seed,12, 4,2024-11-29,0,448744,4N,control,20.5,0.890951310693594,448743.999999997
SUM-159_NLS_4N_C_A4_seedT1,SUM-159,SUM-159_NLS_4N_C_A4_seed,SUM-159_NLS_4N_C_A4_seed,12, 4,2024-12-02,3,6498369,4N,control,20.5,0.890951310693594,448743.999999997
SUM-159_NLS_4N_C_A5_seed,SUM-159,SUM-159_NLS_4N_C_A4_seedT1,SUM-159_NLS_4N_C_A5_seed,13, 5,2024-12-04,0,884866,4N,control,20.5,1.16631827386152,884865.999999997
SUM-159_NLS_4N_C_A5_seedT1,SUM-159,SUM-159_NLS_4N_C_A5_seed,SUM-159_NLS_4N_C_A5_seed,13, 5,2024-12-06,2,9118611,4N,control,20.5,1.16631827386152,884865.999999997
SUM-159_NLS_4N_C_A6_seed,SUM-159,SUM-159_NLS_4N_C_A5_seedT1,SUM-159_NLS_4N_C_A6_seed,14, 6,2024-12-06,0,411582,4N,control,20.5,0.961907860276492,411581.999999999
SUM-159_NLS_4N_C_A6_seedT1,SUM-159,SUM-159_NLS_4N_C_A6_seed,SUM-159_NLS_4N_C_A6_seed,14, 6,2024-12-09,3,7374120,4N,control,20.5,0.961907860276492,411581.999999999
SUM-159_NLS_4N_C_A7_seed,SUM-159,SUM-159_NLS_4N_C_A6_seedT1,SUM-159_NLS_4N_C_A7_seed,15, 7,2024-12-11,0,621931,4N,control,20.5,1.185074180085,621930.999999997
SUM-159_NLS_4N_C_A7_seedT1,SUM-159,SUM-159_NLS_4N_C_A7_seed,SUM-159_NLS_4N_C_A7_seed,15, 7,2024-12-13,2,6654027,4N,control,20.5,1.185074180085,621930.999999997
SUM-159_NLS_4N_C_A8_seed,SUM-159,SUM-159_NLS_4N_C_A7_seedT1,SUM-159_NLS_4N_C_A8_seed,16, 8,2024-12-13,0,1532740,4N,control,20.5,0.610237787650816,1532740
SUM-159_NLS_4N_C_A8_seedT1,SUM-159,SUM-159_NLS_4N_C_A8_seed,SUM-159_NLS_4N_C_A8_seed,16, 8,2024-12-16,3,9561746,4N,control,20.5,0.610237787650816,1532740
SUM-159_NLS_4N_C_A9_seed,SUM-159,SUM-159_NLS_4N_C_A8_seedT1,SUM-159_NLS_4N_C_A9_seed,17, 9,2024-12-18,0,955684,4N,control,20.5,1.08710889354088,955683.999999997
SUM-159_NLS_4N_C_A9_seedT1,SUM-159,SUM-159_NLS_4N_C_A9_seed,SUM-159_NLS_4N_C_A9_seed,17, 9,2024-12-20,2,8405530,4N,control,20.5,1.08710889354088,955683.999999997
SUM-159_NLS_4N_O1_A1_seed,SUM-159,SUM-159_NLS_4N_dp_seedT1,SUM-159_NLS_4N_O1_A1_seed,6, 1,2024-11-15,0,1496747,4N,"starvation
line 1",2,0.431681228435326,1496746.99999999
SUM-159_NLS_4N_O1_A1_seedT1,SUM-159,SUM-159_NLS_4N_O1_A1_seed,SUM-159_NLS_4N_O1_A1_seed,6, 1,2024-11-18,3,5464856,4N,"starvation
line 1",2,0.431681228435326,1496746.99999999
SUM-159_NLS_4N_O1_A10_seedT1,SUM-159,SUM-159_NLS_4N_O1_A10_seed,SUM-159_NLS_4N_O1_A10_seed,15,10,2025-05-23,2,1044906,4N,"starvation
line 1",0,0.474021738864106,431214.195809809
SUM-159_NLS_4N_O1_A10_seedT2,SUM-159,SUM-159_NLS_4N_O1_A10_seed,SUM-159_NLS_4N_O1_A10_seed,15,10,2025-05-26,5,4731039,4N,"starvation
line 1",0,0.474021738864106,431214.195809809
SUM-159_NLS_4N_O1_A10_seed,SUM-159,SUM-159_NLS_4N_O1_A9_seedT2,SUM-159_NLS_4N_O1_A10_seed,15,10,2025-05-21,0,447817,4N,"starvation
line 1",0,0.474021738864106,431214.195809809
SUM-159_NLS_4N_O1_A11_seed,SUM-159,SUM-159_NLS_4N_O1_A10_seedT2,SUM-159_NLS_4N_O1_A11_seed,16,11,2025-05-30,0,451159,4N,"starvation
line 1",0,0.498582784895203,463004.65774855
SUM-159_NLS_4N_O1_A11_seedT1,SUM-159,SUM-159_NLS_4N_O1_A11_seed,SUM-159_NLS_4N_O1_A11_seed,16,11,2025-06-02,3,2204550,4N,"starvation
line 1",0,0.498582784895203,463004.65774855
SUM-159_NLS_4N_O1_A11_seedT2,SUM-159,SUM-159_NLS_4N_O1_A11_seed,SUM-159_NLS_4N_O1_A11_seed,16,11,2025-06-04,5,5387168,4N,"starvation
line 1",0,0.498582784895203,463004.65774855
SUM-159_NLS_4N_O1_A12_seed,SUM-159,SUM-159_NLS_4N_O1_A11_seedT2,SUM-159_NLS_4N_O1_A12_seed,17,12,2025-06-06,0,465640,4N,"starvation
line 1",0,0.440115624122669,493107.457300716
SUM-159_NLS_4N_O1_A12_seedT1,SUM-159,SUM-159_NLS_4N_O1_A12_seed,SUM-159_NLS_4N_O1_A12_seed,17,12,2025-06-09,3,2131028,4N,"starvation
line 1",0,0.440115624122669,493107.457300716
SUM-159_NLS_4N_O1_A12_seedT2,SUM-159,SUM-159_NLS_4N_O1_A12_seed,SUM-159_NLS_4N_O1_A12_seed,17,12,2025-06-11,5,4086049,4N,"starvation
line 1",0,0.440115624122669,493107.457300716
SUM-159_NLS_4N_O1_A13_seed,SUM-159,SUM-159_NLS_4N_O1_A12_seedT2,SUM-159_NLS_4N_O1_A13_seed,18,13,2025-06-14,0,764185,4N,"starvation
line 1",0,0.371107456439524,764184.999999998
SUM-159_NLS_4N_O1_A13_seedT1,SUM-159,SUM-159_NLS_4N_O1_A13_seed,SUM-159_NLS_4N_O1_A13_seed,18,13,2025-06-16,2,1605234,4N,"starvation
line 1",0,0.371107456439524,764184.999999998
SUM-159_NLS_4N_O1_A14_seed,SUM-159,SUM-159_NLS_4N_O1_A13_seedT1,SUM-159_NLS_4N_O1_A14_seed,19,14,2025-06-20,0,444475,4N,"starvation
line 1",0,0.295310180980102,616237.512479865
SUM-159_NLS_4N_O1_A14_seedT2,SUM-159,SUM-159_NLS_4N_O1_A14_seed,SUM-159_NLS_4N_O1_A14_seed,19,14,2025-06-25,5,4345604,4N,"starvation
line 1",0,0.295310180980102,616237.512479865
SUM-159_NLS_4N_O1_A14_seedT3,SUM-159,SUM-159_NLS_4N_O1_A14_seed,SUM-159_NLS_4N_O1_A14_seed,19,14,2025-06-27,7,6537901,4N,"starvation
line 1",0,0.295310180980102,616237.512479865
SUM-159_NLS_4N_O1_A14_seedT4,SUM-159,SUM-159_NLS_4N_O1_A14_seed,SUM-159_NLS_4N_O1_A14_seed,19,14,2025-06-30,10,7571667,4N,"starvation
line 1",0,0.295310180980102,616237.512479865
SUM-159_NLS_4N_O1_A15_seed,SUM-159,SUM-159_NLS_4N_O1_A14_seedT4,SUM-159_NLS_4N_O1_A15_seed,20,15,2025-07-25,0,296317,4N,"starvation
line 1",0,0.276107884181599,250154.913891675
SUM-159_NLS_4N_O1_A15_seedT1,SUM-159,SUM-159_NLS_4N_O1_A15_seed,SUM-159_NLS_4N_O1_A15_seed,20,15,2025-07-28,3,399916,4N,"starvation
line 1",0,0.276107884181599,250154.913891675
SUM-159_NLS_4N_O1_A15_seedT2,SUM-159,SUM-159_NLS_4N_O1_A15_seed,SUM-159_NLS_4N_O1_A15_seed,20,15,2025-07-30,5,1038222,4N,"starvation
line 1",0,0.276107884181599,250154.913891675
SUM-159_NLS_4N_O1_A15_seedT3,SUM-159,SUM-159_NLS_4N_O1_A15_seed,SUM-159_NLS_4N_O1_A15_seed,20,15,2025-08-01,7,1990668,4N,"starvation
line 1",0,0.276107884181599,250154.913891675
SUM-159_NLS_4N_O1_A15_seedT4,SUM-159,SUM-159_NLS_4N_O1_A15_seed,SUM-159_NLS_4N_O1_A15_seed,20,15,2025-08-04,10,4361200,4N,"starvation
line 1",0,0.276107884181599,250154.913891675
SUM-159_NLS_4N_O1_A15_seedT5,SUM-159,SUM-159_NLS_4N_O1_A15_seed,SUM-159_NLS_4N_O1_A15_seed,20,15,2025-08-06,12,6271662,4N,"starvation
line 1",0,0.276107884181599,250154.913891675
SUM-159_NLS_4N_O1_A16_seedT5,SUM-159,SUM-159_NLS_4N_O1_A16_seed,SUM-159_NLS_4N_O1_A16_seed,21,16,2025-08-20,14,8329168,4N,"starvation
line 1",0,0.225290065289268,497162.787729555
SUM-159_NLS_4N_O1_A16_seedT1,SUM-159,SUM-159_NLS_4N_O1_A16_seed,SUM-159_NLS_4N_O1_A16_seed,21,16,2025-08-11,5,1325627,4N,"starvation
line 1",0,0.225290065289268,497162.787729555
SUM-159_NLS_4N_O1_A16_seedT2,SUM-159,SUM-159_NLS_4N_O1_A16_seed,SUM-159_NLS_4N_O1_A16_seed,21,16,2025-08-13,7,4119468,4N,"starvation
line 1",0,0.225290065289268,497162.787729555
SUM-159_NLS_4N_O1_A16_seedT3,SUM-159,SUM-159_NLS_4N_O1_A16_seed,SUM-159_NLS_4N_O1_A16_seed,21,16,2025-08-15,9,4001387,4N,"starvation
line 1",0,0.225290065289268,497162.787729555
SUM-159_NLS_4N_O1_A16_seedT4,SUM-159,SUM-159_NLS_4N_O1_A16_seed,SUM-159_NLS_4N_O1_A16_seed,21,16,2025-08-18,12,8164300,4N,"starvation
line 1",0,0.225290065289268,497162.787729555
SUM-159_NLS_4N_O1_A16_seed,SUM-159,SUM-159_NLS_4N_O1_A15_seedT5,SUM-159_NLS_4N_O1_A16_seed,21,16,2025-08-06,0,403258,4N,"starvation
line 1",0,0.225290065289268,497162.787729555
SUM-159_NLS_4N_O1_A17_seed,SUM-159,SUM-159_NLS_4N_O1_A16_seedT5,SUM-159_NLS_4N_O1_A17_seed,22,17,2025-08-22,0,824339,4N,"starvation
line 1",0,0.416428545920834,919977.521468826
SUM-159_NLS_4N_O1_A17_seedT1,SUM-159,SUM-159_NLS_4N_O1_A17_seed,SUM-159_NLS_4N_O1_A17_seed,22,17,2025-08-25,3,4221954,4N,"starvation
line 1",0,0.416428545920834,919977.521468826
SUM-159_NLS_4N_O1_A17_seedT2,SUM-159,SUM-159_NLS_4N_O1_A17_seed,SUM-159_NLS_4N_O1_A17_seed,22,17,2025-08-27,5,6259408,4N,"starvation
line 1",0,0.416428545920834,919977.521468826
SUM-159_NLS_4N_O1_A18_seed,SUM-159,SUM-159_NLS_4N_O1_A17_seedT2,SUM-159_NLS_4N_O1_A18_seed,23,18,2025-08-29,0,627166,4N,"starvation
line 1",0,0.368994265221723,531769.441553666
SUM-159_NLS_4N_O1_A18_seedT1,SUM-159,SUM-159_NLS_4N_O1_A18_seed,SUM-159_NLS_4N_O1_A18_seed,23,18,2025-09-01,3,1064957,4N,"starvation
line 1",0,0.368994265221723,531769.441553666
SUM-159_NLS_4N_O1_A18_seedT2,SUM-159,SUM-159_NLS_4N_O1_A18_seed,SUM-159_NLS_4N_O1_A18_seed,23,18,2025-09-03,5,4309957,4N,"starvation
line 1",0,0.368994265221723,531769.441553666
SUM-159_NLS_4N_O1_A19_seedT3,SUM-159,SUM-159_NLS_4N_O1_A19_seed,SUM-159_NLS_4N_O1_A19_seed,24,19,2025-09-12,7,5339267,4N,"starvation
line 1",0,0.315246218861753,511827.560571575
SUM-159_NLS_4N_O1_A19_seed,SUM-159,SUM-159_NLS_4N_O1_A18_seedT2,SUM-159_NLS_4N_O1_A19_seed,24,19,2025-09-05,0,601545,4N,"starvation
line 1",0,0.315246218861753,511827.560571575
SUM-159_NLS_4N_O1_A19_seedT1,SUM-159,SUM-159_NLS_4N_O1_A19_seed,SUM-159_NLS_4N_O1_A19_seed,24,19,2025-09-08,3,1010373,4N,"starvation
line 1",0,0.315246218861753,511827.560571575
SUM-159_NLS_4N_O1_A19_seedT2,SUM-159,SUM-159_NLS_4N_O1_A19_seed,SUM-159_NLS_4N_O1_A19_seed,24,19,2025-09-10,5,2392812,4N,"starvation
line 1",0,0.315246218861753,511827.560571575
SUM-159_NLS_4N_O1_A2_seedT2,SUM-159,SUM-159_NLS_4N_O1_A2_seed,SUM-159_NLS_4N_O1_A2_seed,7, 2,2024-11-25,5,3281438,4N,"starvation
line 1",1,0.399917181450666,398544.623208807
SUM-159_NLS_4N_O1_A2_seedT1,SUM-159,SUM-159_NLS_4N_O1_A2_seed,SUM-159_NLS_4N_O1_A2_seed,7, 2,2024-11-22,2,675920,4N,"starvation
line 1",1,0.399917181450666,398544.623208807
SUM-159_NLS_4N_O1_A2_seed,SUM-159,SUM-159_NLS_4N_O1_A1_seedT1,SUM-159_NLS_4N_O1_A2_seed,7, 2,2024-11-20,0,469077,4N,"starvation
line 1",1,0.399917181450666,398544.623208807
SUM-159_NLS_4N_O1_A20_seed,SUM-159,SUM-159_NLS_4N_O1_A19_seedT3,SUM-159_NLS_4N_O1_A20_seed,25,20,2025-09-19,0,812086,4N,"starvation
line 1",0,0.588293480836589,812085.999999998
SUM-159_NLS_4N_O1_A20_seedT1,SUM-159,SUM-159_NLS_4N_O1_A20_seed,SUM-159_NLS_4N_O1_A20_seed,25,20,2025-09-22,3,4743292,4N,"starvation
line 1",0,0.588293480836589,812085.999999998
SUM-159_NLS_4N_O1_A21_seedT1,SUM-159,SUM-159_NLS_4N_O1_A21_seed,SUM-159_NLS_4N_O1_A21_seed,26,21,2025-09-26,2,3356397,4N,"starvation
line 1",0,0.484315596857107,801669.120142537
SUM-159_NLS_4N_O1_A21_seedT2,SUM-159,SUM-159_NLS_4N_O1_A21_seed,SUM-159_NLS_4N_O1_A21_seed,26,21,2025-09-29,5,7502229,4N,"starvation
line 1",0,0.484315596857107,801669.120142537
SUM-159_NLS_4N_O1_A21_seed,SUM-159,SUM-159_NLS_4N_O1_A20_seedT1,SUM-159_NLS_4N_O1_A21_seed,26,21,2025-09-24,0,607115,4N,"starvation
line 1",0,0.484315596857107,801669.120142537
SUM-159_NLS_4N_O1_A22_seed,SUM-159,SUM-159_NLS_4N_O1_A21_seedT2,SUM-159_NLS_4N_O1_A22_seed,27,22,2025-10-01,0,618254,4N,"starvation
line 1",0,0.471867487676023,836537.990387888
SUM-159_NLS_4N_O1_A22_seedT1,SUM-159,SUM-159_NLS_4N_O1_A22_seed,SUM-159_NLS_4N_O1_A22_seed,27,22,2025-10-03,2,3558026,4N,"starvation
line 1",0,0.471867487676023,836537.990387888
SUM-159_NLS_4N_O1_A22_seedT2,SUM-159,SUM-159_NLS_4N_O1_A22_seed,SUM-159_NLS_4N_O1_A22_seed,27,22,2025-10-06,5,7237475,4N,"starvation
line 1",0,0.471867487676023,836537.990387888
SUM-159_NLS_4N_O1_A3_seedT1,SUM-159,SUM-159_NLS_4N_O1_A3_seed,SUM-159_NLS_4N_O1_A3_seed,8, 3,2024-11-29,2,3877426,4N,"starvation
line 1",0.5,0.34414683189838,1267628.99821568
SUM-159_NLS_4N_O1_A3_seed,SUM-159,SUM-159_NLS_4N_O1_A2_seedT2,SUM-159_NLS_4N_O1_A3_seed,8, 3,2024-11-27,0,979523,4N,"starvation
line 1",0.5,0.34414683189838,1267628.99821568
SUM-159_NLS_4N_O1_A3_seedT2,SUM-159,SUM-159_NLS_4N_O1_A3_seed,SUM-159_NLS_4N_O1_A3_seed,8, 3,2024-12-02,5,5965486,4N,"starvation
line 1",0.5,0.34414683189838,1267628.99821568
SUM-159_NLS_4N_O1_A4_seed,SUM-159,SUM-159_NLS_4N_O1_A3_seedT2,SUM-159_NLS_4N_O1_A4_seed,9, 4,2024-12-04,0,477491,4N,"starvation
line 1",0.3,0.462592398960382,574357.007257467
SUM-159_NLS_4N_O1_A4_seedT2,SUM-159,SUM-159_NLS_4N_O1_A4_seed,SUM-159_NLS_4N_O1_A4_seed,9, 4,2024-12-09,5,5131103,4N,"starvation
line 1",0.3,0.462592398960382,574357.007257467
SUM-159_NLS_4N_O1_A4_seedT1,SUM-159,SUM-159_NLS_4N_O1_A4_seed,SUM-159_NLS_4N_O1_A4_seed,9, 4,2024-12-06,2,1970966,4N,"starvation
line 1",0.3,0.462592398960382,574357.007257467
SUM-159_NLS_4N_O1_A5_seed,SUM-159,SUM-159_NLS_4N_O1_A4_seedT2,SUM-159_NLS_4N_O1_A5_seed,10, 5,2024-12-11,0,487308,4N,"starvation
line 1",0.2,0.493160438290141,634994.968730538
SUM-159_NLS_4N_O1_A5_seedT1,SUM-159,SUM-159_NLS_4N_O1_A5_seed,SUM-159_NLS_4N_O1_A5_seed,10, 5,2024-12-13,2,2646886,4N,"starvation
line 1",0.2,0.493160438290141,634994.968730538
SUM-159_NLS_4N_O1_A5_seedT2,SUM-159,SUM-159_NLS_4N_O1_A5_seed,SUM-159_NLS_4N_O1_A5_seed,10, 5,2024-12-16,5,6266284,4N,"starvation
line 1",0.2,0.493160438290141,634994.968730538
SUM-159_NLS_4N_O1_A6_seedT1,SUM-159,SUM-159_NLS_4N_O1_A6_seed,SUM-159_NLS_4N_O1_A6_seed,11, 6,2024-12-20,2,2656703,4N,"starvation
line 1",0.1,0.40078440531454,813714.603200114
SUM-159_NLS_4N_O1_A6_seedT2,SUM-159,SUM-159_NLS_4N_O1_A6_seed,SUM-159_NLS_4N_O1_A6_seed,11, 6,2024-12-23,5,5181587,4N,"starvation
line 1",0.1,0.40078440531454,813714.603200114
SUM-159_NLS_4N_O1_A6_seed,SUM-159,SUM-159_NLS_4N_O1_A5_seedT2,SUM-159_NLS_4N_O1_A6_seed,11, 6,2024-12-18,0,647172,4N,"starvation
line 1",0.1,0.40078440531454,813714.603200114
SUM-159_NLS_4N_O1_A7_seed,SUM-159,SUM-159_NLS_4N_O1_A6_seedT2,SUM-159_NLS_4N_O1_A7_seed,12, 7,2024-12-25,0,267844,4N,"starvation
line 1",0,0.571921242468194,352657.655797351
SUM-159_NLS_4N_O1_A7_seedT2,SUM-159,SUM-159_NLS_4N_O1_A7_seed,SUM-159_NLS_4N_O1_A7_seed,12, 7,2024-12-30,5,5124092,4N,"starvation
line 1",0,0.571921242468194,352657.655797351
SUM-159_NLS_4N_O1_A7_seedT1,SUM-159,SUM-159_NLS_4N_O1_A7_seed,SUM-159_NLS_4N_O1_A7_seed,12, 7,2024-12-27,2,1750801,4N,"starvation
line 1",0,0.571921242468194,352657.655797351
SUM-159_NLS_4N_O1_A8_seedT2,SUM-159,SUM-159_NLS_4N_O1_A8_seed,SUM-159_NLS_4N_O1_A8_seed,13, 8,2025-05-12,4,5832757,4N,"starvation
line 1",0,0.671802019601774,417956.994273903
SUM-159_NLS_4N_O1_A8_seed,SUM-159,SUM-159_NLS_4N_O1_A7_seedT2,SUM-159_NLS_4N_O1_A8_seed,13, 8,2025-05-08,0,358294,4N,"starvation
line 1",0,0.671802019601774,417956.994273903
SUM-159_NLS_4N_O1_A8_seedT1,SUM-159,SUM-159_NLS_4N_O1_A8_seed,SUM-159_NLS_4N_O1_A8_seed,13, 8,2025-05-09,1,1004803,4N,"starvation
line 1",0,0.671802019601774,417956.994273903
SUM-159_NLS_4N_O1_A9_seedT1,SUM-159,SUM-159_NLS_4N_O1_A9_seed,SUM-159_NLS_4N_O1_A9_seed,14, 9,2025-05-16,2,1457075,4N,"starvation
line 1",0,0.439890819377692,547404.824430657
SUM-159_NLS_4N_O1_A9_seedT2,SUM-159,SUM-159_NLS_4N_O1_A9_seed,SUM-159_NLS_4N_O1_A9_seed,14, 9,2025-05-19,5,4745520,4N,"starvation
line 1",0,0.439890819377692,547404.824430657
SUM-159_NLS_4N_O1_A9_seed,SUM-159,SUM-159_NLS_4N_O1_A8_seedT2,SUM-159_NLS_4N_O1_A9_seed,14, 9,2025-05-14,0,515769,4N,"starvation
line 1",0,0.439890819377692,547404.824430657
SUM-159_NLS_4N_O2_A1_seedT1,SUM-159,SUM-159_NLS_4N_O2_A1_seed,SUM-159_NLS_4N_O2_A1_seed,9, 1,2024-11-18,3,4830305,4N,"starvation
line 2",2,0.463828443588771,1201323.99999999
SUM-159_NLS_4N_O2_A1_seed,SUM-159,SUM-159_NLS_4N_dp_seedT1,SUM-159_NLS_4N_O2_A1_seed,9, 1,2024-11-15,0,1201324,4N,"starvation
line 2",2,0.463828443588771,1201323.99999999
SUM-159_NLS_4N_O2_A10_seed,SUM-159,SUM-159_NLS_4N_O2_A9_seedT2,SUM-159_NLS_4N_O2_A10_seed,18,10,2025-05-21,0,507971,4N,"starvation
line 2",0,0.463511346178554,504429.290368859
SUM-159_NLS_4N_O2_A10_seedT1,SUM-159,SUM-159_NLS_4N_O2_A10_seed,SUM-159_NLS_4N_O2_A10_seed,18,10,2025-05-23,2,1259902,4N,"starvation
line 2",0,0.463511346178554,504429.290368859
SUM-159_NLS_4N_O2_A10_seedT2,SUM-159,SUM-159_NLS_4N_O2_A10_seed,SUM-159_NLS_4N_O2_A10_seed,18,10,2025-05-26,5,5144322,4N,"starvation
line 2",0,0.463511346178554,504429.290368859
SUM-159_NLS_4N_O2_A11_seedT2,SUM-159,SUM-159_NLS_4N_O2_A11_seed,SUM-159_NLS_4N_O2_A11_seed,19,11,2025-06-04,5,5122043,4N,"starvation
line 2",0,0.525990411811394,485069.671628826
SUM-159_NLS_4N_O2_A11_seed,SUM-159,SUM-159_NLS_4N_O2_A10_seedT2,SUM-159_NLS_4N_O2_A11_seed,19,11,2025-05-30,0,404372,4N,"starvation
line 2",0,0.525990411811394,485069.671628826
SUM-159_NLS_4N_O2_A11_seedT1,SUM-159,SUM-159_NLS_4N_O2_A11_seed,SUM-159_NLS_4N_O2_A11_seed,19,11,2025-06-02,3,3703957,4N,"starvation
line 2",0,0.525990411811394,485069.671628826
SUM-159_NLS_4N_O2_A12_seed,SUM-159,SUM-159_NLS_4N_O2_A11_seedT2,SUM-159_NLS_4N_O2_A12_seed,20,12,2025-06-06,0,570354,4N,"starvation
line 2",0,0.433757116881066,606022.359881788
SUM-159_NLS_4N_O2_A12_seedT1,SUM-159,SUM-159_NLS_4N_O2_A12_seed,SUM-159_NLS_4N_O2_A12_seed,20,12,2025-06-09,3,2591099,4N,"starvation
line 2",0,0.433757116881066,606022.359881788
SUM-159_NLS_4N_O2_A12_seedT2,SUM-159,SUM-159_NLS_4N_O2_A12_seed,SUM-159_NLS_4N_O2_A12_seed,20,12,2025-06-11,5,4840208,4N,"starvation
line 2",0,0.433757116881066,606022.359881788
SUM-159_NLS_4N_O2_A13_seed,SUM-159,SUM-159_NLS_4N_O2_A12_seedT2,SUM-159_NLS_4N_O2_A13_seed,21,13,2025-06-14,0,623824,4N,"starvation
line 2",0,0.505475958368875,623823.999999997
SUM-159_NLS_4N_O2_A13_seedT1,SUM-159,SUM-159_NLS_4N_O2_A13_seed,SUM-159_NLS_4N_O2_A13_seed,21,13,2025-06-16,2,1714403,4N,"starvation
line 2",0,0.505475958368875,623823.999999997
SUM-159_NLS_4N_O2_A14_seed,SUM-159,SUM-159_NLS_4N_O2_A13_seedT1,SUM-159_NLS_4N_O2_A14_seed,22,14,2025-06-20,0,465640,4N,"starvation
line 2",0,0.272623788377641,551561.244001451
SUM-159_NLS_4N_O2_A14_seedT2,SUM-159,SUM-159_NLS_4N_O2_A14_seed,SUM-159_NLS_4N_O2_A14_seed,22,14,2025-06-25,5,2611150,4N,"starvation
line 2",0,0.272623788377641,551561.244001451
SUM-159_NLS_4N_O2_A14_seedT3,SUM-159,SUM-159_NLS_4N_O2_A14_seed,SUM-159_NLS_4N_O2_A14_seed,22,14,2025-06-27,7,4751090,4N,"starvation
line 2",0,0.272623788377641,551561.244001451
SUM-159_NLS_4N_O2_A14_seedT4,SUM-159,SUM-159_NLS_4N_O2_A14_seed,SUM-159_NLS_4N_O2_A14_seed,22,14,2025-06-30,10,6448783,4N,"starvation
line 2",0,0.272623788377641,551561.244001451
SUM-159_NLS_4N_O2_A15_seed,SUM-159,SUM-159_NLS_4N_O2_A14_seedT4,SUM-159_NLS_4N_O2_A15_seed,23,15,2025-07-25,0,613799,4N,"starvation
line 2",0,0.237448883551057,965566.669022484
SUM-159_NLS_4N_O2_A15_seedT1,SUM-159,SUM-159_NLS_4N_O2_A15_seed,SUM-159_NLS_4N_O2_A15_seed,23,15,2025-07-28,3,2545426,4N,"starvation
line 2",0,0.237448883551057,965566.669022484
SUM-159_NLS_4N_O2_A15_seedT2,SUM-159,SUM-159_NLS_4N_O2_A15_seed,SUM-159_NLS_4N_O2_A15_seed,23,15,2025-07-30,5,4532752,4N,"starvation
line 2",0,0.237448883551057,965566.669022484
SUM-159_NLS_4N_O2_A15_seedT3,SUM-159,SUM-159_NLS_4N_O2_A15_seed,SUM-159_NLS_4N_O2_A15_seed,23,15,2025-08-01,7,6952299,4N,"starvation
line 2",0,0.237448883551057,965566.669022484
SUM-159_NLS_4N_O2_A15_seedT4,SUM-159,SUM-159_NLS_4N_O2_A15_seed,SUM-159_NLS_4N_O2_A15_seed,23,15,2025-08-04,10,6452125,4N,"starvation
line 2",0,0.237448883551057,965566.669022484
SUM-159_NLS_4N_O2_A16_seed,SUM-159,SUM-159_NLS_4N_O2_A15_seedT4,SUM-159_NLS_4N_O2_A16_seed,24,16,2025-08-06,0,341989,4N,"starvation
line 2",0,0.230244946562098,294418.14256392
SUM-159_NLS_4N_O2_A16_seedT1,SUM-159,SUM-159_NLS_4N_O2_A16_seed,SUM-159_NLS_4N_O2_A16_seed,24,16,2025-08-08,2,365383,4N,"starvation
line 2",0,0.230244946562098,294418.14256392
SUM-159_NLS_4N_O2_A16_seedT2,SUM-159,SUM-159_NLS_4N_O2_A16_seed,SUM-159_NLS_4N_O2_A16_seed,24,16,2025-08-11,5,857758,4N,"starvation
line 2",0,0.230244946562098,294418.14256392
SUM-159_NLS_4N_O2_A16_seedT3,SUM-159,SUM-159_NLS_4N_O2_A16_seed,SUM-159_NLS_4N_O2_A16_seed,24,16,2025-08-13,7,2319290,4N,"starvation
line 2",0,0.230244946562098,294418.14256392
SUM-159_NLS_4N_O2_A16_seedT4,SUM-159,SUM-159_NLS_4N_O2_A16_seed,SUM-159_NLS_4N_O2_A16_seed,24,16,2025-08-15,9,1640881,4N,"starvation
line 2",0,0.230244946562098,294418.14256392
SUM-159_NLS_4N_O2_A16_seedT5,SUM-159,SUM-159_NLS_4N_O2_A16_seed,SUM-159_NLS_4N_O2_A16_seed,24,16,2025-08-18,12,5104219,4N,"starvation
line 2",0,0.230244946562098,294418.14256392
SUM-159_NLS_4N_O2_A16_seedT6,SUM-159,SUM-159_NLS_4N_O2_A16_seed,SUM-159_NLS_4N_O2_A16_seed,24,16,2025-08-20,14,7310998,4N,"starvation
line 2",0,0.230244946562098,294418.14256392
SUM-159_NLS_4N_O2_A17_seed,SUM-159,SUM-159_NLS_4N_O2_A16_seedT6,SUM-159_NLS_4N_O2_A17_seed,25,17,2025-08-22,0,841049,4N,"starvation
line 2",0,0.404951920436638,945316.954480475
SUM-159_NLS_4N_O2_A17_seedT1,SUM-159,SUM-159_NLS_4N_O2_A17_seed,SUM-159_NLS_4N_O2_A17_seed,25,17,2025-08-25,3,4266512,4N,"starvation
line 2",0,0.404951920436638,945316.954480475
SUM-159_NLS_4N_O2_A17_seedT2,SUM-159,SUM-159_NLS_4N_O2_A17_seed,SUM-159_NLS_4N_O2_A17_seed,25,17,2025-08-27,5,6008764,4N,"starvation
line 2",0,0.404951920436638,945316.954480475
SUM-159_NLS_4N_O2_A18_seed,SUM-159,SUM-159_NLS_4N_O2_A17_seedT2,SUM-159_NLS_4N_O2_A18_seed,26,18,2025-08-29,0,584835,4N,"starvation
line 2",0,0.374051598849834,490626.561968869
SUM-159_NLS_4N_O2_A18_seedT1,SUM-159,SUM-159_NLS_4N_O2_A18_seed,SUM-159_NLS_4N_O2_A18_seed,26,18,2025-09-01,3,971384,4N,"starvation
line 2",0,0.374051598849834,490626.561968869
SUM-159_NLS_4N_O2_A18_seedT2,SUM-159,SUM-159_NLS_4N_O2_A18_seed,SUM-159_NLS_4N_O2_A18_seed,26,18,2025-09-03,5,4143976,4N,"starvation
line 2",0,0.374051598849834,490626.561968869
SUM-159_NLS_4N_O2_A19_seedT2,SUM-159,SUM-159_NLS_4N_O2_A19_seed,SUM-159_NLS_4N_O2_A19_seed,27,19,2025-09-10,5,3730692,4N,"starvation
line 2",0,0.352988535564484,630902.233276067
SUM-159_NLS_4N_O2_A19_seed,SUM-159,SUM-159_NLS_4N_O2_A18_seedT2,SUM-159_NLS_4N_O2_A19_seed,27,19,2025-09-05,0,636078,4N,"starvation
line 2",0,0.352988535564484,630902.233276067
SUM-159_NLS_4N_O2_A19_seedT1,SUM-159,SUM-159_NLS_4N_O2_A19_seed,SUM-159_NLS_4N_O2_A19_seed,27,19,2025-09-08,3,1782355,4N,"starvation
line 2",0,0.352988535564484,630902.233276067
SUM-159_NLS_4N_O2_A2_seed,SUM-159,SUM-159_NLS_4N_O2_A1_seedT1,SUM-159_NLS_4N_O2_A2_seed,10, 2,2024-11-20,0,462066,4N,"starvation
line 2",1,0.423293978638455,402293.394998309
SUM-159_NLS_4N_O2_A2_seedT1,SUM-159,SUM-159_NLS_4N_O2_A2_seed,SUM-159_NLS_4N_O2_A2_seed,10, 2,2024-11-22,2,744634,4N,"starvation
line 2",1,0.423293978638455,402293.394998309
SUM-159_NLS_4N_O2_A2_seedT2,SUM-159,SUM-159_NLS_4N_O2_A2_seed,SUM-159_NLS_4N_O2_A2_seed,10, 2,2024-11-25,5,3662870,4N,"starvation
line 2",1,0.423293978638455,402293.394998309
SUM-159_NLS_4N_O2_A20_seed,SUM-159,SUM-159_NLS_4N_O2_A19_seedT2,SUM-159_NLS_4N_O2_A20_seed,28,20,2025-09-19,0,981409,4N,"starvation
line 2",0,0.517244018805238,981409
SUM-159_NLS_4N_O2_A20_seedT1,SUM-159,SUM-159_NLS_4N_O2_A20_seed,SUM-159_NLS_4N_O2_A20_seed,28,20,2025-09-22,3,4631895,4N,"starvation
line 2",0,0.517244018805238,981409
SUM-159_NLS_4N_O2_A21_seed,SUM-159,SUM-159_NLS_4N_O2_A20_seedT1,SUM-159_NLS_4N_O2_A21_seed,29,21,2025-09-24,0,678409,4N,"starvation
line 2",0,0.463676864723335,857695.835538166
SUM-159_NLS_4N_O2_A21_seedT1,SUM-159,SUM-159_NLS_4N_O2_A21_seed,SUM-159_NLS_4N_O2_A21_seed,29,21,2025-09-26,2,3204897,4N,"starvation
line 2",0,0.463676864723335,857695.835538166
SUM-159_NLS_4N_O2_A21_seedT2,SUM-159,SUM-159_NLS_4N_O2_A21_seed,SUM-159_NLS_4N_O2_A21_seed,29,21,2025-09-29,5,7452472,4N,"starvation
line 2",0,0.463676864723335,857695.835538166
SUM-159_NLS_4N_O2_A22_seed,SUM-159,SUM-159_NLS_4N_O2_A21_seedT2,SUM-159_NLS_4N_O2_A22_seed,30,22,2025-10-01,0,559214,4N,"starvation
line 2",0,0.485008191637359,747772.257738929
SUM-159_NLS_4N_O2_A22_seedT1,SUM-159,SUM-159_NLS_4N_O2_A22_seed,SUM-159_NLS_4N_O2_A22_seed,30,22,2025-10-03,2,3201555,4N,"starvation
line 2",0,0.485008191637359,747772.257738929
SUM-159_NLS_4N_O2_A22_seedT2,SUM-159,SUM-159_NLS_4N_O2_A22_seed,SUM-159_NLS_4N_O2_A22_seed,30,22,2025-10-06,5,6963438,4N,"starvation
line 2",0,0.485008191637359,747772.257738929
SUM-159_NLS_4N_O2_A3_seedT2,SUM-159,SUM-159_NLS_4N_O2_A3_seed,SUM-159_NLS_4N_O2_A3_seed,11, 3,2024-12-02,5,5321118,4N,"starvation
line 2",0.5,0.317783675910685,1307756.40558888
SUM-159_NLS_4N_O2_A3_seed,SUM-159,SUM-159_NLS_4N_O2_A2_seedT2,SUM-159_NLS_4N_O2_A3_seed,11, 3,2024-11-27,0,990041,4N,"starvation
line 2",0.5,0.317783675910685,1307756.40558888
SUM-159_NLS_4N_O2_A3_seedT1,SUM-159,SUM-159_NLS_4N_O2_A3_seed,SUM-159_NLS_4N_O2_A3_seed,11, 3,2024-11-29,2,3926507,4N,"starvation
line 2",0.5,0.317783675910685,1307756.40558888
SUM-159_NLS_4N_O2_A4_seedT2,SUM-159,SUM-159_NLS_4N_O2_A4_seed,SUM-159_NLS_4N_O2_A4_seed,12, 4,2024-12-09,5,5808426,4N,"starvation
line 2",0.3,0.456626491222533,634604.478348814
SUM-159_NLS_4N_O2_A4_seed,SUM-159,SUM-159_NLS_4N_O2_A3_seedT2,SUM-159_NLS_4N_O2_A4_seed,12, 4,2024-12-04,0,572148,4N,"starvation
line 2",0.3,0.456626491222533,634604.478348814
SUM-159_NLS_4N_O2_A4_seedT1,SUM-159,SUM-159_NLS_4N_O2_A4_seed,SUM-159_NLS_4N_O2_A4_seed,12, 4,2024-12-06,2,1879815,4N,"starvation
line 2",0.3,0.456626491222533,634604.478348814
SUM-159_NLS_4N_O2_A5_seed,SUM-159,SUM-159_NLS_4N_O2_A4_seedT2,SUM-159_NLS_4N_O2_A5_seed,13, 5,2024-12-11,0,584068,4N,"starvation
line 2",0.2,0.479793771189265,776671.77722959
SUM-159_NLS_4N_O2_A5_seedT2,SUM-159,SUM-159_NLS_4N_O2_A5_seed,SUM-159_NLS_4N_O2_A5_seed,13, 5,2024-12-16,5,7072621,4N,"starvation
line 2",0.2,0.479793771189265,776671.77722959
SUM-159_NLS_4N_O2_A5_seedT1,SUM-159,SUM-159_NLS_4N_O2_A5_seed,SUM-159_NLS_4N_O2_A5_seed,13, 5,2024-12-13,2,3260403,4N,"starvation
line 2",0.2,0.479793771189265,776671.77722959
SUM-159_NLS_4N_O2_A6_seedT1,SUM-159,SUM-159_NLS_4N_O2_A6_seed,SUM-159_NLS_4N_O2_A6_seed,14, 6,2024-12-20,2,2095773,4N,"starvation
line 2",0.1,0.484268660954679,617787.730490963
SUM-159_NLS_4N_O2_A6_seedT2,SUM-159,SUM-159_NLS_4N_O2_A6_seed,SUM-159_NLS_4N_O2_A6_seed,14, 6,2024-12-23,5,6287319,4N,"starvation
line 2",0.1,0.484268660954679,617787.730490963
SUM-159_NLS_4N_O2_A6_seed,SUM-159,SUM-159_NLS_4N_O2_A5_seedT2,SUM-159_NLS_4N_O2_A6_seed,14, 6,2024-12-18,0,530780,4N,"starvation
line 2",0.1,0.484268660954679,617787.730490963
SUM-159_NLS_4N_O2_A7_seed,SUM-159,SUM-159_NLS_4N_O2_A6_seedT2,SUM-159_NLS_4N_O2_A7_seed,15, 7,2024-12-25,0,423502,4N,"starvation
line 2",0,0.486227151372419,556012.194903537
SUM-159_NLS_4N_O2_A7_seedT1,SUM-159,SUM-159_NLS_4N_O2_A7_seed,SUM-159_NLS_4N_O2_A7_seed,15, 7,2024-12-27,2,2314536,4N,"starvation
line 2",0,0.486227151372419,556012.194903537
SUM-159_NLS_4N_O2_A7_seedT2,SUM-159,SUM-159_NLS_4N_O2_A7_seed,SUM-159_NLS_4N_O2_A7_seed,15, 7,2024-12-30,5,5273439,4N,"starvation
line 2",0,0.486227151372419,556012.194903537
SUM-159_NLS_4N_O2_A8_seedT1,SUM-159,SUM-159_NLS_4N_O2_A8_seed,SUM-159_NLS_4N_O2_A8_seed,16, 8,2025-05-09,1,1254332,4N,"starvation
line 2",0,0.700929182641857,395781.10669155
SUM-159_NLS_4N_O2_A8_seedT2,SUM-159,SUM-159_NLS_4N_O2_A8_seed,SUM-159_NLS_4N_O2_A8_seed,16, 8,2025-05-12,4,5833871,4N,"starvation
line 2",0,0.700929182641857,395781.10669155
SUM-159_NLS_4N_O2_A8_seed,SUM-159,SUM-159_NLS_4N_O2_A7_seedT2,SUM-159_NLS_4N_O2_A8_seed,16, 8,2025-05-08,0,281867,4N,"starvation
line 2",0,0.700929182641857,395781.10669155
SUM-159_NLS_4N_O2_A9_seed,SUM-159,SUM-159_NLS_4N_O2_A8_seedT2,SUM-159_NLS_4N_O2_A9_seed,17, 9,2025-05-14,0,565898,4N,"starvation
line 2",0,0.421831161602466,592010.091646253
SUM-159_NLS_4N_O2_A9_seedT1,SUM-159,SUM-159_NLS_4N_O2_A9_seed,SUM-159_NLS_4N_O2_A9_seed,17, 9,2025-05-16,2,1483811,4N,"starvation
line 2",0,0.421831161602466,592010.091646253
SUM-159_NLS_4N_O2_A9_seedT2,SUM-159,SUM-159_NLS_4N_O2_A9_seed,SUM-159_NLS_4N_O2_A9_seed,17, 9,2025-05-19,5,4734381,4N,"starvation
line 2",0,0.421831161602466,592010.091646253
